{"Rewards Mean": 0.06858486058021843, "Rewards Std": 0.017213128032992908, "Rewards Max": 0.10041852442549543, "Rewards Min": 0.039208707300757636, "Returns Mean": 34.29243029010921, "Returns Std": 1.6578608261159082, "Returns Max": 35.62825655771643, "Returns Min": 31.246926167051505, "ExplReturns Mean": 34.29243029010921, "ExplReturns Std": 1.6578608261159082, "ExplReturns Max": 35.62825655771643, "ExplReturns Min": 31.246926167051505, "Actions Mean": 0.00758087495341897, "Actions Std": 0.025824397802352905, "Actions Max": 0.05637582018971443, "Actions Min": -0.0389787033200264, "Num Paths": 5, "Average Returns": 34.29243029010921, "_runtime": 1364, "_timestamp": 1637705677, "_step": 4}