{"QF1 Loss Agent0": 0.0004708548076450825, "QF1 Loss Agent1": 0.0004803954216185957, "QF2 Loss Agent0": 0.00042325782123953104, "QF2 Loss Agent1": 0.0005460872780531645, "Policy Loss": 9.895082473754883, "Q1 Predictions Agent0 Mean": 3.0784237384796143, "Q1 Predictions Agent0 Std": 0.3752388656139374, "Q1 Predictions Agent0 Max": 3.602384567260742, "Q1 Predictions Agent0 Min": 1.9605134725570679, "Q1 Predictions Agent1 Mean": 3.068380355834961, "Q1 Predictions Agent1 Std": 0.382694810628891, "Q1 Predictions Agent1 Max": 3.590123176574707, "Q1 Predictions Agent1 Min": 1.8946799039840698, "Q2 Predictions Agent0 Mean": 3.085953712463379, "Q2 Predictions Agent0 Std": 0.37533652782440186, "Q2 Predictions Agent0 Max": 3.620148181915283, "Q2 Predictions Agent0 Min": 1.966247797012329, "Q2 Predictions Agent1 Mean": 3.0581560134887695, "Q2 Predictions Agent1 Std": 0.3828921616077423, "Q2 Predictions Agent1 Max": 3.5898866653442383, "Q2 Predictions Agent1 Min": 1.8751661777496338, "Q Targets Agent0 Mean": 3.08029842376709, "Q Targets Agent0 Std": 0.37677669525146484, "Q Targets Agent0 Max": 3.5805747509002686, "Q Targets Agent0 Min": 1.9386786222457886, "Q Targets Agent1 Mean": 3.0711071491241455, "Q Targets Agent1 Std": 0.38379549980163574, "Q Targets Agent1 Max": 3.566898822784424, "Q Targets Agent1 Min": 1.8550478219985962, "Log Pis Mean": 12.978053092956543, "Log Pis Std": 7.958230972290039, "Log Pis Max": 37.32673263549805, "Log Pis Min": -6.0509490966796875, "Policy mu Mean": -0.3608829081058502, "Policy mu Std": 2.1777327060699463, "Policy mu Max": 4.79808235168457, "Policy mu Min": -4.7862372398376465, "Policy log std Mean": -0.3331468105316162, "Policy log std Std": 0.3300977349281311, "Policy log std Max": 1.1344791650772095, "Policy log std Min": -1.4464725255966187, "Alpha": 0.00027817883528769016, "Alpha Loss": -8.366751670837402, "_runtime": 3732, "_timestamp": 1637710720, "_step": 14013, "Rewards Mean": 0.10416131904921644, "Rewards Std": 0.10767447221310969, "Rewards Max": 0.5171845889580994, "Rewards Min": 0.027492496257803672, "Returns Mean": 52.08065952460821, "Returns Std": 30.709154982109656, "Returns Max": 112.21853460485609, "Returns Min": 28.820295069575696, "ExplReturns Mean": 52.08065952460821, "ExplReturns Std": 30.709154982109656, "ExplReturns Max": 112.21853460485609, "ExplReturns Min": 28.820295069575696, "Actions Mean": 0.01346532627940178, "Actions Std": 0.6760092377662659, "Actions Max": 0.9999297261238098, "Actions Min": -0.9999591708183289, "Num Paths": 5, "Average Returns": 52.08065952460821}