{"QF1 Loss Agent0": 22.44620132446289, "QF1 Loss Agent1": 22.510107040405273, "QF2 Loss Agent0": 22.513046264648438, "QF2 Loss Agent1": 22.501060485839844, "Policy Loss": -4.694098949432373, "Q1 Predictions Agent0 Mean": -0.0026193922385573387, "Q1 Predictions Agent0 Std": 0.0016857843147590756, "Q1 Predictions Agent0 Max": 0.0013077781768515706, "Q1 Predictions Agent0 Min": -0.006339214276522398, "Q1 Predictions Agent1 Mean": -0.006682573352009058, "Q1 Predictions Agent1 Std": 0.001599006005562842, "Q1 Predictions Agent1 Max": -0.0019712771754711866, "Q1 Predictions Agent1 Min": -0.010949308052659035, "Q2 Predictions Agent0 Mean": -0.009711280465126038, "Q2 Predictions Agent0 Std": 0.0016527926782146096, "Q2 Predictions Agent0 Max": -0.005345958285033703, "Q2 Predictions Agent0 Min": -0.014565441757440567, "Q2 Predictions Agent1 Mean": -0.005723120179027319, "Q2 Predictions Agent1 Std": 0.0013693255605176091, "Q2 Predictions Agent1 Max": -0.0022215968929231167, "Q2 Predictions Agent1 Min": -0.008988267742097378, "Q Targets Agent0 Mean": 4.694534778594971, "Q Targets Agent0 Std": 0.6188244223594666, "Q Targets Agent0 Max": 7.833352088928223, "Q Targets Agent0 Min": 2.9961862564086914, "Q Targets Agent1 Mean": 4.697278022766113, "Q Targets Agent1 Std": 0.6188034415245056, "Q Targets Agent1 Max": 7.83669376373291, "Q Targets Agent1 Min": 3.0031042098999023, "Log Pis Mean": -4.702370643615723, "Log Pis Std": 0.5645328164100647, "Log Pis Max": -3.2902145385742188, "Log Pis Min": -6.188623905181885, "Policy mu Mean": 0.00020603941811714321, "Policy mu Std": 0.00107263820245862, "Policy mu Max": 0.003197991754859686, "Policy mu Min": -0.002258079592138529, "Policy log std Mean": 0.00017656220006756485, "Policy log std Std": 0.0014276456786319613, "Policy log std Max": 0.003626833902671933, "Policy log std Min": -0.003993535879999399, "Alpha": 0.9990004897117615, "Alpha Loss": -0.0, "_runtime": 358, "_timestamp": 1637701988, "_step": 1999, "loss": 1.0}