{"QF1 Loss Agent0": 0.0005779619095847011, "QF1 Loss Agent1": 0.0004603706474881619, "QF2 Loss Agent0": 0.0004819209279958159, "QF2 Loss Agent1": 0.0006723005208186805, "Policy Loss": 10.290508270263672, "Q1 Predictions Agent0 Mean": 3.0010037422180176, "Q1 Predictions Agent0 Std": 0.35053908824920654, "Q1 Predictions Agent0 Max": 3.4291536808013916, "Q1 Predictions Agent0 Min": 2.0555548667907715, "Q1 Predictions Agent1 Mean": 2.9974746704101562, "Q1 Predictions Agent1 Std": 0.3634081482887268, "Q1 Predictions Agent1 Max": 3.432581901550293, "Q1 Predictions Agent1 Min": 2.0640316009521484, "Q2 Predictions Agent0 Mean": 3.002051830291748, "Q2 Predictions Agent0 Std": 0.35420340299606323, "Q2 Predictions Agent0 Max": 3.4115614891052246, "Q2 Predictions Agent0 Min": 2.051546812057495, "Q2 Predictions Agent1 Mean": 2.9813616275787354, "Q2 Predictions Agent1 Std": 0.36092159152030945, "Q2 Predictions Agent1 Max": 3.3988964557647705, "Q2 Predictions Agent1 Min": 2.044306993484497, "Q Targets Agent0 Mean": 2.992870569229126, "Q Targets Agent0 Std": 0.3504174053668976, "Q Targets Agent0 Max": 3.4186792373657227, "Q Targets Agent0 Min": 2.032956600189209, "Q Targets Agent1 Mean": 2.9857382774353027, "Q Targets Agent1 Std": 0.3608969748020172, "Q Targets Agent1 Max": 3.4126951694488525, "Q Targets Agent1 Min": 2.051206588745117, "Log Pis Mean": 13.299968719482422, "Log Pis Std": 7.330988883972168, "Log Pis Max": 30.49845314025879, "Log Pis Min": -6.790468215942383, "Policy mu Mean": -0.2536216080188751, "Policy mu Std": 2.164004325866699, "Policy mu Max": 4.90186882019043, "Policy mu Min": -4.486922740936279, "Policy log std Mean": -0.35521969199180603, "Policy log std Std": 0.3766882121562958, "Policy log std Max": 1.6531628370285034, "Policy log std Min": -1.601216435432434, "Alpha": 0.00026740337489172816, "Alpha Loss": -5.758918285369873, "_runtime": 2770, "_timestamp": 1637701477, "_step": 11999}