{"QF1 Loss Agent0": 0.0017157347174361348, "QF1 Loss Agent1": 0.0015239568892866373, "QF2 Loss Agent0": 0.001485285465605557, "QF2 Loss Agent1": 0.001352521707303822, "Policy Loss": -1.8167674541473389, "Q1 Predictions Agent0 Mean": 2.883345365524292, "Q1 Predictions Agent0 Std": 0.1694982498884201, "Q1 Predictions Agent0 Max": 3.1874256134033203, "Q1 Predictions Agent0 Min": 2.29789400100708, "Q1 Predictions Agent1 Mean": 2.8707776069641113, "Q1 Predictions Agent1 Std": 0.1728316694498062, "Q1 Predictions Agent1 Max": 3.1836769580841064, "Q1 Predictions Agent1 Min": 2.2450058460235596, "Q2 Predictions Agent0 Mean": 2.876554489135742, "Q2 Predictions Agent0 Std": 0.16816312074661255, "Q2 Predictions Agent0 Max": 3.1840708255767822, "Q2 Predictions Agent0 Min": 2.297334671020508, "Q2 Predictions Agent1 Mean": 2.878127336502075, "Q2 Predictions Agent1 Std": 0.17160077393054962, "Q2 Predictions Agent1 Max": 3.2036304473876953, "Q2 Predictions Agent1 Min": 2.226766347885132, "Q Targets Agent0 Mean": 2.8740034103393555, "Q Targets Agent0 Std": 0.17384593188762665, "Q Targets Agent0 Max": 3.5719335079193115, "Q Targets Agent0 Min": 2.3181142807006836, "Q Targets Agent1 Mean": 2.8714845180511475, "Q Targets Agent1 Std": 0.17870938777923584, "Q Targets Agent1 Max": 3.568476915359497, "Q Targets Agent1 Min": 2.266292095184326, "Log Pis Mean": 1.062791347503662, "Log Pis Std": 4.632165908813477, "Log Pis Max": 19.711912155151367, "Log Pis Min": -8.092520713806152, "Policy mu Mean": -0.15811266005039215, "Policy mu Std": 1.1586413383483887, "Policy mu Max": 2.9952545166015625, "Policy mu Min": -2.7819297313690186, "Policy log std Mean": 0.03177807107567787, "Policy log std Std": 0.2781975269317627, "Policy log std Max": 0.64774489402771, "Policy log std Min": -1.0400387048721313, "Alpha": 0.0010280689457431436, "Alpha Loss": -88.99899291992188, "_runtime": 2102, "_timestamp": 1637704196, "_step": 7999}